{
  "setup_summary": {
    "completion_rate": "19.1%",
    "total_time": "628.50s",
    "errors": 1,
    "warnings": 1,
    "status": "PARTIAL"
  },
  "performance_metrics": {
    "Environment Setup": 16.285181045532227,
    "Dependency Installation": 564914.6814346313,
    "Secrets Configuration": 25358.12211036682,
    "Infrastructure Initialization": 114.39752578735352,
    "Connectivity Testing": 3622.9918003082275,
    "Data Validation Testing": 3.590822219848633,
    "Performance Benchmarking": 1299.8847961425781,
    "Load Testing": 30019.992113113403,
    "Integration Testing": 2007.9832077026367
  },
  "connectivity_summary": {
    "total_sources": 13,
    "connection_times": {
      "kraken": 1267.2908306121826,
      "binance": 1334.0566158294678,
      "cryptocompare": 1204.1034698486328,
      "glassnode": 1203.2103538513184,
      "defillama": 1340.341567993164,
      "huobi": 1374.9241828918457,
      "bloomberg": 1418.713092803955,
      "coinmetrics": 1458.3044052124023,
      "messari": 1718.1496620178223,
      "coinbase": 2195.0316429138184,
      "okx": 2325.3705501556396
    },
    "avg_connection_time": 1530.8633067391136
  },
  "system_resources": {
    "memory_usage_mb": 120.26171875,
    "cpu_usage_percent": 100.0
  },
  "recommendations": [
    "Review and fix setup errors before production deployment",
    "High latency detected - check network connectivity"
  ]
}